id,first_name,last_name,gender,age,pilot_rating,years_practice
1,Ced,Haldenby,Male,43,9,18
2,Gabriela,Haverson,Female,59,1.9,29
3,Kathi,Enefer,Female,44,1.1,6
4,Gusty,Colliar,Female,56,4.8,10
5,Natala,Bignall,Genderqueer,40,8.8,19
6,Bernadina,Dreher,Female,41,2.8,28
7,Burnaby,Pocklington,Male,26,8.6,18
8,Ludovika,Coverly,Female,50,1.9,23
9,Wilmer,Warrilow,Male,50,9.0,9
10,Ferne,Logesdale,Female,37,8.7,25
11,Keen,Vasyunkin,Male,33,4.4,20
12,Amble,Sedgman,Male,54,9.9,15
13,Andros,Dyble,Male,32,3.3,7
14,Dalis,Bruster,Male,26,6.4,5
15,Kale,Clemoes,Genderfluid,34,9.7,15
16,Chrystal,Geale,Female,45,5.7,15
17,Carly,Caines,Male,57,7.4,29
18,Lise,Cramp,Female,59,8.8,8
19,Kerry,Valerio,Male,44,2.3,3
20,Fielding,Harridge,Genderqueer,57,4.1,2
21,Rees,Audritt,Male,27,5.6,18
22,Scarlet,Ambrogioli,Female,23,2.9,11
23,Yvor,Leabeater,Male,22,9.5,2
24,Lanie,Bustard,Agender,33,7.0,15
25,Xerxes,Flockhart,Male,31,3.3,8
26,Jordan,Calleja,Male,32,8.8,15
27,Lauren,Grigoroni,Male,42,1.4,12
28,Adella,Bomfield,Female,48,3.4,17
29,Cart,Letts,Male,55,4.6,25
30,Stafani,Ruane,Non-binary,39,1.8,18
31,Monte,McWard,Bigender,31,8.4,27
32,Priscella,Stothert,Female,51,2.1,16
33,Fayth,Kernley,Female,34,4.9,5
34,Chandler,Valti,Male,22,2.1,7
35,Lilah,Birden,Female,22,8.8,11
36,Joelle,Ismirnioglou,Female,39,6.5,21
37,Simona,Selland,Female,48,5.8,30
38,Korrie,Brislen,Female,51,3.2,12
39,Homere,Farlane,Male,58,9.0,6
40,Hieronymus,Holtham,Male,59,3.8,27
41,Horst,Rizzillo,Male,30,5.3,8
42,Chet,Vitler,Genderqueer,44,6.2,8
43,Benoite,Stratten,Female,50,3.6,19
44,Druci,Haking,Non-binary,34,3.1,2
45,Guglielmo,Fass,Male,32,6.2,20
46,Elianora,McGarrell,Female,21,9.4,5
47,Keane,Whitnell,Male,44,1.7,23
48,Clareta,Endley,Genderqueer,44,3.9,21
49,Orella,Brouncker,Polygender,39,4.6,13
50,Domeniga,Shepcutt,Female,59,9.8,8
51,Sloane,Beaumont,Male,28,7.1,6
52,Tedmund,Attle,Male,21,8.5,18
53,Rafi,Neubigin,Male,52,8.8,9
54,Daryn,Aspinwall,Female,46,8.0,22
55,Vitia,McIsaac,Female,29,1.1,29
56,Boonie,Tarply,Male,49,3.3,25
57,Stewart,Lasslett,Male,35,3.5,26
58,Michel,Robelet,Genderfluid,22,9.8,13
59,Cecelia,Carp,Female,36,1.6,28
60,Marjorie,Hucknall,Female,46,4.8,18
61,Kit,Hendrickson,Female,47,2.8,24
62,Sebastien,Acosta,Male,30,5.9,10
63,Jocko,MacNeilley,Male,33,3.7,30
64,Hobey,Mogey,Male,59,2.2,6
65,Mabel,Fitch,Female,57,7.3,15
66,Nanni,Gewer,Female,52,7.9,11
67,Dore,Headley,Male,35,7.2,18
68,Gibbie,McCrory,Male,28,5.2,14
69,Libbie,Farington,Female,53,2.8,3
70,Adrian,Newhouse,Male,54,4.9,7
71,Carina,Caulcott,Female,57,9.7,11
72,Modesta,Arp,Female,54,9.9,22
73,Graehme,Garton,Male,21,4.7,12
74,Simone,Smurfit,Male,25,5.5,6
75,Stacee,Schuricke,Male,36,5.5,27
76,Annie,Chagg,Female,22,8.7,3
77,Whittaker,Fife,Male,21,3.9,22
78,Wakefield,Derrick,Male,39,2.7,30
79,Betsy,Newick,Female,46,2.9,22
80,Sonja,Owbrick,Female,20,1.5,21
81,Staford,McCarle,Male,57,1.7,30
82,Kiersten,Halton,Female,44,4.5,15
83,Lauree,Lavrinov,Female,22,7.3,12
84,Zonnya,Phelp,Female,40,5.4,16
85,Jenda,Wyman,Female,46,2.3,19
86,Marguerite,Florence,Female,53,2.3,27
87,Raychel,Vickerman,Female,49,5.2,10
88,Pammie,Roose,Female,42,4.7,2
89,Clerc,Lambert,Polygender,43,7.4,27
90,Dwayne,Glyssanne,Male,29,1.8,25
91,Papageno,Avesque,Male,39,6.0,6
92,Shem,Simkovich,Male,25,9.2,10
93,Camilla,Alison,Female,41,8.6,10
94,Denys,Gecks,Female,58,6.2,21
95,Liana,Broadbear,Female,56,3.5,8
96,Moe,Seneschal,Male,50,2.6,2
97,Allan,Branney,Male,48,9.6,15
98,Fran,Lanigan,Female,29,5.4,18
99,Theodore,Heims,Male,31,8.4,22
100,Gayla,de Grey,Genderqueer,51,6.1,3
101,Chariot,Plan,Male,45,3.8,29
102,Lovell,Flisher,Non-binary,43,4.0,28
103,Braden,Christofe,Male,21,4.1,26
104,Carling,Rounsefell,Male,31,4.6,10
105,Cairistiona,Napton,Female,48,8.8,17
106,Valdemar,Fellgatt,Male,44,7.6,27
107,Nicholle,Stapele,Female,47,2.3,23
108,Margeaux,Fludder,Female,27,8.4,16
109,Kayla,Potten,Female,57,1.9,12
110,Marielle,Beckley,Female,25,8.2,24
111,Celestyn,Gooders,Female,53,4.9,22
112,Daryle,Sekulla,Male,32,10.0,12
113,Cindie,Warrack,Female,25,7.3,30
114,Nicole,Mearing,Female,44,2.5,30
115,Charlotte,Purcell,Female,31,8.8,20
116,Cosmo,Thripp,Male,24,1.3,25
117,Kelcie,Edworthie,Female,53,6.5,22
118,Lacey,Febre,Female,47,8.7,3
119,Whitaker,Puddefoot,Genderqueer,29,6.4,24
120,Torrance,Buckle,Male,28,6.4,22
121,Berni,Blue,Female,54,9.6,29
122,Hertha,Lindback,Female,30,8.9,25
123,Estel,Clace,Female,42,6.1,25
124,Catherine,Goodswen,Female,29,4.7,26
125,Waylen,Garfit,Male,24,7.9,28
126,Adella,McAsgill,Female,44,2.0,28
127,Cheri,Pudsey,Bigender,54,4.3,16
128,Denney,Clavering,Male,45,9.8,22
129,Heywood,Lovelace,Male,44,4.6,21
130,David,Pinches,Agender,60,4.1,22
131,Prent,Rizziello,Male,50,4.1,13
132,Haily,Storks,Male,43,7.8,17
133,Dolores,Martinez,Female,56,9.5,2
134,Elijah,Cotte,Male,30,7.6,15
135,Cesar,Karlsson,Male,35,3.5,27
136,Harlen,Mewis,Male,44,3.2,15
137,Bartholomew,Capron,Male,48,9.7,28
138,Sanford,Cossons,Male,26,1.7,22
139,Danny,Furness,Female,26,7.7,7
140,Thia,McFadzean,Female,52,9.5,13
141,Holly,Peckett,Female,52,9.7,11
142,Susanna,Gower,Female,54,6.5,2
143,Norina,Smallcomb,Female,41,2.8,3
144,Willyt,Earsman,Female,58,4.1,27
145,Garrick,Eastway,Male,51,9.9,25
146,Livvy,Parlour,Female,22,7.7,20
147,Barrett,Pragnall,Male,47,5.9,5
148,Dillon,Feedham,Male,56,5.6,24
149,Guillemette,Thatcher,Female,41,4.6,26
150,Lesley,Kebbell,Male,39,9.4,15
151,Cecilio,Cage,Male,37,7.6,20
152,Eziechiele,Bunnell,Male,21,8.1,15
153,Liuka,Pentycross,Female,38,1.9,27
154,Fabio,McMenamie,Male,51,6.1,21
155,Merola,Bircher,Female,34,6.8,22
156,Hirsch,Loalday,Male,57,4.5,18
157,Jessy,Dancy,Genderfluid,40,2.8,21
158,Heall,Smallpiece,Male,26,9.6,5
159,Esra,O' Connell,Male,51,2.3,20
160,Borden,Ofield,Male,50,9.1,23
161,Culley,Merrick,Genderfluid,31,6.1,18
162,Jelene,Phillot,Female,32,9.2,9
163,Skipper,Prujean,Male,27,5.0,24
164,Shelden,Gregh,Male,51,8.3,12
165,Sean,Duxbury,Male,54,4.8,16
166,Carlyn,Humbee,Female,57,6.6,21
167,Melvyn,Spray,Male,31,4.7,4
168,Guy,Scoffins,Male,21,3.7,11
169,Blinni,Jon,Female,58,2.2,14
170,Goober,Meric,Male,38,3.1,23
171,Milo,Halfhide,Male,50,5.5,6
172,Maud,Povah,Female,55,1.4,24
173,Boony,Gerson,Male,48,5.0,28
174,Torie,Wiles,Female,39,8.2,3
175,Alfy,de Courcey,Polygender,34,3.5,15
176,Ernesta,Elvish,Female,36,6.1,11
177,Kendricks,Carrington,Male,30,4.4,10
178,Felizio,Stainland,Male,57,3.4,19
179,Quinta,Egleton,Female,25,5.8,22
180,Der,Webb-Bowen,Male,50,1.0,10
181,Ritchie,Boles,Male,54,6.0,13
182,Loretta,Carberry,Genderqueer,51,6.7,15
183,Shae,Neale,Female,33,9.1,30
184,Bellanca,Harman,Female,31,9.0,20
185,Dore,Abramin,Male,58,10.0,8
186,Pandora,Mc-Kerley,Female,22,10.0,16
187,Burr,Fullman,Male,34,9.1,11
188,Darryl,Pawley,Male,37,1.3,22
189,Sergio,Bourges,Male,36,7.3,27
190,Felix,Prestage,Male,52,4.0,27
191,Brok,Rizzolo,Male,51,2.0,30
192,Lurline,Meaking,Agender,45,9.8,26
193,Say,Gyde,Male,31,7.1,22
194,Karalee,Blueman,Female,45,1.7,4
195,Eran,Orr,Female,33,2.6,22
196,Alair,Stockin,Male,42,4.2,30
197,Doro,Plaistowe,Genderqueer,58,4.7,9
198,Jarrod,Ninnis,Genderqueer,42,9.4,27
199,Jojo,McCarl,Female,50,4.1,25
200,Garwood,Tye,Male,38,5.6,30
201,Ade,Syrie,Male,49,4.4,10
202,Ryann,Oxteby,Female,20,6.4,14
203,Dieter,Giacaponi,Male,39,6.8,16
204,Winifield,McKinney,Male,25,1.3,17
205,Elvera,Kilpatrick,Female,36,3.8,21
206,Sherwynd,Tabbernor,Male,36,7.5,29
207,Lanny,de Castelain,Male,45,3.6,13
208,Antons,Overland,Male,37,9.0,13
209,Yancey,Lansdale,Male,30,9.8,10
210,Alina,Crufts,Female,40,2.1,7
211,Otes,Kittow,Male,60,2.9,8
212,Cody,Nottingham,Female,60,5.1,22
213,Mara,Braunle,Female,28,7.2,6
214,Thayne,Giacoboni,Male,49,2.0,22
215,Devin,Huddy,Female,32,9.3,18
216,Spense,Duffree,Male,26,1.4,2
217,Jacquelin,Pickover,Female,33,5.8,28
218,Gabriel,Hanbidge,Male,36,9.2,25
219,Kirbee,Kilshall,Female,54,8.9,21
220,Hetti,Road,Female,28,1.6,26
221,Deana,Sweeney,Female,25,5.9,13
222,Fae,Albert,Female,48,3.3,18
223,Camellia,Jelly,Female,25,9.3,10
224,Caldwell,Waslin,Male,32,5.6,20
225,Niccolo,Gumby,Male,28,7.4,19
226,Kathryn,Kentwell,Female,45,1.7,10
227,Lisha,Hoxey,Female,39,3.2,18
228,Ron,Bushrod,Male,20,1.2,6
229,Mackenzie,Bowstead,Male,23,6.2,21
230,Raff,Hazeltine,Male,55,4.9,25
231,Margaretha,Cannan,Female,41,7.6,12
232,Lindy,Cariss,Male,59,5.5,7
233,Bellina,Ambrose,Female,44,6.0,16
234,Ardelle,Robion,Female,33,7.9,13
235,Heywood,Rodway,Genderqueer,45,4.0,23
236,Celestine,Castiello,Female,44,5.9,15
237,Benoit,Drissell,Male,32,7.6,23
238,Merrill,Dimmne,Male,34,9.7,26
239,Darleen,Slaten,Agender,38,5.3,10
240,Stephani,Paget,Female,35,3.2,2
241,Lyda,Follows,Female,20,9.7,27
242,Petronella,Bilsland,Female,21,9.1,11
243,Elnora,Rapinett,Female,23,7.6,18
244,Vonnie,Sasser,Female,43,8.2,15
245,Giusto,Hendrickx,Male,50,7.4,28
246,Jillene,Kinnier,Polygender,26,9.5,17
247,Yoshiko,Lyvon,Agender,36,4.7,21
248,Gwenneth,Houdmont,Female,36,3.7,11
249,Bengt,Wilshere,Male,29,8.7,7
250,Kaspar,Preddy,Male,25,3.6,13
251,Kenneth,Lope,Male,41,6.8,19
252,Lorenzo,Scottesmoor,Bigender,54,6.7,17
253,Emalia,Matussov,Female,46,6.7,28
254,Barb,Duerden,Female,28,8.2,6
255,Robby,Raun,Female,40,2.3,11
256,Tiffy,Simond,Female,37,7.8,7
257,Niel,Philippet,Male,22,5.5,12
258,Corey,De Francisci,Female,51,6.0,16
259,Jo,Pellington,Male,54,3.7,14
260,Shelli,Imorts,Female,55,7.1,24
261,Clarice,Bettinson,Non-binary,50,6.7,25
262,Nellie,Mathewson,Female,32,2.0,12
263,Danie,McCully,Polygender,47,4.5,26
264,Donnie,Parradye,Male,50,7.4,7
265,Jamesy,Trusty,Male,28,7.3,21
266,Vyky,Denizet,Female,52,2.1,11
267,Antonio,Tuvey,Male,41,4.8,7
268,Rosetta,Anfonsi,Female,45,1.5,23
269,Rochelle,Vickars,Genderfluid,55,8.2,7
270,Stillman,Sanford,Male,46,2.5,24
271,Roselin,Dugood,Female,45,8.0,10
272,Frank,Canet,Male,21,7.5,8
273,Amelina,Tremoille,Female,23,3.6,23
274,Johny,Lamprey,Male,50,6.4,26
275,Josh,Clymer,Male,23,9.5,20
276,Oralle,Coyte,Female,51,7.6,16
277,Georgie,Haukey,Male,58,6.5,6
278,Edita,Housego,Female,33,2.2,14
279,Stacee,Pollastrino,Female,60,1.2,20
280,Mano,Simkovitz,Male,23,3.5,14
281,Frederick,Stenyng,Male,36,5.3,30
282,Florencia,Faichnie,Genderfluid,49,6.7,9
283,Reese,Gavrielli,Male,59,9.8,24
284,Billy,Halling,Female,37,6.7,24
285,Melisent,Thurlow,Female,26,6.2,28
286,Birk,Cantillion,Male,27,5.3,11
287,Laurent,Crannell,Male,39,8.9,19
288,Hermie,McDool,Male,38,3.3,16
289,Melisent,Eblein,Female,49,2.4,10
290,Theodora,Franiak,Female,55,9.8,9
291,Cyndi,Vittet,Female,52,5.7,19
292,Estel,Altoft,Female,27,1.3,19
293,Rufe,Norree,Non-binary,20,8.5,9
294,Garey,Kloss,Male,33,8.6,21
295,Fidelio,Hazell,Male,21,6.5,16
296,Rice,Moralas,Male,41,2.6,17
297,Albert,De Beneditti,Male,50,4.6,25
298,Hillary,Sulter,Male,27,6.9,17
299,Shawnee,Kobisch,Female,30,9.6,11
300,Harman,Foulis,Bigender,35,4.5,6
301,Darrin,Kingescot,Male,57,3.2,27
302,Minna,Dysart,Female,44,2.1,10
303,Melany,Absolon,Female,53,2.8,17
304,Nealon,de Quincey,Male,29,2.4,3
305,Enriqueta,Wilkenson,Female,38,9.8,20
306,Aile,Brumbie,Female,22,1.1,2
307,Toinette,Galley,Female,39,9.4,7
308,Hally,Aronow,Female,57,8.2,11
309,Layla,Rosson,Non-binary,59,5.4,26
310,Shermy,Sandiland,Male,37,7.0,20
311,Agnese,Glazier,Female,22,7.1,18
312,Eimile,Oxherd,Female,60,8.0,7
313,Ermanno,Mill,Male,38,7.2,19
314,Nowell,Demead,Male,20,5.5,12
315,Waverley,Topes,Male,55,2.5,27
316,Davey,Beavington,Male,44,1.1,4
317,Even,Jochen,Male,47,6.9,7
318,Con,Lartice,Bigender,31,5.0,24
319,Hayley,Fasham,Female,30,9.1,22
320,Sharl,Parades,Female,49,6.4,5
321,Karyl,Kalkhoven,Female,34,7.7,25
322,Cleve,Normanville,Male,40,1.9,13
323,Teresina,Staning,Female,20,2.4,26
324,Neila,Fulk,Female,54,1.1,19
325,Nicole,Kendle,Female,29,1.6,4
326,Andrea,Schrader,Male,42,7.8,19
327,Jacinthe,Wabersinke,Female,35,3.2,6
328,Callean,Marcroft,Male,35,4.8,10
329,Kelley,Wearing,Female,43,9.1,4
330,Faustina,Barthorpe,Female,23,7.9,3
331,Morey,Fortoun,Male,39,2.8,15
332,Bride,McGiffin,Female,57,3.5,12
333,Lisetta,Connue,Female,21,8.3,6
334,Jillie,Denkel,Bigender,57,3.5,30
335,Kalinda,Lowdeane,Female,46,9.7,17
336,Mano,Heyfield,Male,21,8.2,20
337,Byrom,Northway,Male,35,8.3,7
338,Hyacinthia,Rosengart,Female,41,1.3,4
339,Kalinda,Poizer,Female,40,9.2,9
340,Durant,Lismer,Male,57,10.0,29
341,Guinevere,Ritelli,Female,54,7.1,19
342,Juliet,Guilbert,Female,40,6.0,26
343,Tabb,Zmitrovich,Male,22,3.1,4
344,Lucien,Peres,Male,45,7.0,13
345,Chrisse,O'Canavan,Male,33,6.4,8
346,Rafi,Patise,Male,31,2.3,23
347,Ericka,Beaze,Female,26,5.9,16
348,Claribel,Salmons,Bigender,32,7.8,22
349,Barn,Dimitrijevic,Male,27,1.4,3
350,Teddie,Wrotchford,Male,58,5.1,6
351,Paxton,Boller,Male,22,4.9,21
352,Erek,Spalls,Male,37,7.4,28
353,Tiffi,Kryszkiecicz,Female,40,7.9,20
354,Kari,Roderighi,Female,25,4.3,27
355,Buffy,Fer,Female,24,7.7,24
356,Nev,Shadbolt,Male,35,2.5,18
357,Lester,Williamson,Male,21,6.5,6
358,Tann,Lakenton,Male,49,3.6,20
359,Pauly,Winton,Male,57,6.1,28
360,Tressa,Tourner,Female,59,5.7,8
361,Myrvyn,Penvarden,Male,56,4.5,15
362,Eveline,Poizer,Female,56,2.0,17
363,Leroi,Olley,Male,28,2.3,30
364,Skippy,Muccino,Male,39,10.0,17
365,Tod,Cherrie,Male,27,8.2,10
366,Thedrick,Duddle,Male,23,8.2,15
367,Cesaro,Portam,Male,27,6.7,6
368,Stefania,Hedden,Female,30,5.8,22
369,Free,Schuricke,Male,53,9.9,18
370,Farica,Braidman,Female,59,7.4,7
371,Gannie,Ibbetson,Male,27,1.8,3
372,Tulley,Ewbanck,Male,60,9.5,29
373,Gerrie,MacTrustie,Male,59,8.2,28
374,Olive,Sarle,Female,22,6.8,2
375,Shelby,Fulbrook,Female,33,8.9,19
376,Raymond,Coursor,Male,58,1.6,8
377,Bridgette,Toulch,Female,29,2.8,28
378,Glyn,Robbe,Male,52,5.5,26
379,Theadora,Hallan,Female,34,3.1,24
380,Nancy,Vischi,Female,39,1.2,30
381,Morey,Gyles,Male,57,7.2,19
382,Kimberley,Jann,Female,33,9.8,25
383,Sax,Garnall,Male,32,1.9,5
384,Tiena,Bruckental,Female,33,6.9,2
385,Sheffy,Smallwood,Male,41,7.0,5
386,Agna,Leak,Female,57,5.9,20
387,Dom,Tritton,Male,21,7.1,17
388,Malinde,Snoxell,Female,41,2.1,17
389,Hedwiga,Monk,Female,40,8.9,24
390,Emmalynn,Curson,Female,20,2.2,2
391,Jereme,Blowing,Male,28,7.6,8
392,Hanny,Skitt,Polygender,33,9.4,15
393,Benedetta,Piddlehinton,Female,44,6.8,26
394,Thornie,Storer,Male,20,7.0,28
395,Saudra,Leeds,Female,20,6.5,24
396,Corty,Harefoot,Male,43,8.1,21
397,Shae,Spracklin,Male,22,7.1,19
398,Petunia,Sille,Female,55,5.3,29
399,Hi,Gingle,Male,37,2.2,21
400,Kare,Grundell,Female,25,5.1,29
401,Any,Glaze,Male,46,3.9,25
402,Cleve,Esselin,Male,37,6.4,13
403,Hadley,Morman,Male,25,6.7,6
404,Merry,Ridge,Female,48,3.4,7
405,Lari,Kesterton,Female,35,5.9,15
406,Eryn,Semark,Female,26,6.1,6
407,Ferd,Drain,Male,31,9.6,9
408,Agosto,Miner,Male,45,8.8,19
409,Leslie,Croser,Female,53,6.1,27
410,Terrence,Rosentholer,Male,37,1.8,4
411,Noelani,Tyrer,Female,52,1.0,5
412,Enrico,Edsall,Genderqueer,24,5.3,23
413,Had,Farrears,Male,28,4.3,27
414,Claudia,Grangier,Genderqueer,35,8.2,17
415,Barbabas,Mityashin,Male,28,2.6,10
416,Lin,Peasegod,Female,55,5.6,26
417,Anderson,Eller,Non-binary,52,4.1,29
418,Loydie,Climo,Male,27,2.5,29
419,Darcy,Mileham,Male,21,4.3,6
420,Arni,Oughtright,Male,30,5.2,16
421,Rosaline,Snowman,Female,43,7.7,27
422,Sapphire,Brockway,Female,54,7.8,26
423,Jake,Twaite,Male,21,5.8,11
424,Wyatan,Lycett,Male,42,5.2,29
425,Morissa,Baggarley,Genderfluid,21,3.1,18
426,Ainslee,Lindfors,Female,50,8.9,25
427,Raeann,Hallifax,Female,22,2.2,11
428,Anatol,Beernt,Male,39,8.4,18
429,Joelly,Gorhardt,Female,55,8.9,18
430,Quintana,Alfonsini,Female,52,2.2,6
431,Kiri,Bockler,Non-binary,21,2.2,21
432,Wilfred,Carnoghan,Male,37,9.5,26
433,Jaclin,Knobell,Female,38,8.9,13
434,Vasilis,Southerill,Male,21,3.2,19
435,Christye,Ogbourne,Female,47,8.6,26
436,Arnaldo,Ransome,Male,44,4.5,18
437,Dareen,Knight,Female,53,7.9,15
438,Andree,MacAne,Female,47,9.9,13
439,Ema,Espina,Genderfluid,36,8.4,13
440,Sal,Cluderay,Female,60,6.6,19
441,Cherin,Wolford,Female,38,6.6,14
442,Dani,Bompass,Male,58,1.4,20
443,Joye,Schimaschke,Female,35,2.1,28
444,Wadsworth,Matushevitz,Male,57,9.3,10
445,Neall,Brophy,Male,57,3.7,14
446,Melisent,Stegel,Female,25,6.7,13
447,Blondelle,Gittins,Female,50,2.1,15
448,Reynold,Oxshott,Male,58,9.5,21
449,Germaine,Binnell,Female,29,6.3,26
450,Bertie,Yurocjhin,Female,24,7.2,27
451,Brittan,Lockney,Female,34,10.0,24
452,Carlynne,Rigglesford,Female,32,7.6,20
453,Mortie,Hing,Male,40,9.1,12
454,Belia,Fitzsymon,Polygender,44,9.2,9
455,Daven,Orta,Male,42,9.7,26
456,Karylin,Stather,Female,50,7.6,19
457,Jemie,Wankel,Female,38,4.1,27
458,Cyrillus,Kings,Male,35,7.2,27
459,Zelma,Popeley,Female,24,6.7,21
460,Lind,Coaster,Female,46,3.5,12
461,Dilly,Groves,Male,60,5.6,30
462,Lauren,Doe,Female,23,2.9,10
463,Celestina,Furber,Female,55,7.1,22
464,Agata,Willoughby,Female,34,2.7,5
465,Jewelle,Mixhel,Female,34,2.8,6
466,Travers,Noli,Male,30,3.4,12
467,Maighdiln,Basili,Female,29,2.2,19
468,Byrle,Irnis,Male,39,3.2,22
469,Randy,Bindon,Male,56,9.0,25
470,Reeva,Kennard,Polygender,23,5.1,13
471,Gilemette,Artharg,Female,55,9.4,5
472,Trina,Houtbie,Female,39,8.6,25
473,Crystie,Malsher,Female,21,1.9,21
474,Cad,Castagnaro,Male,31,9.6,14
475,Yancy,Rodder,Male,23,4.8,19
476,Toiboid,Alltimes,Male,54,9.0,16
477,Basia,Chillingworth,Female,34,1.5,16
478,Archibold,Bernardi,Bigender,25,9.9,7
479,Annamarie,Keiling,Polygender,60,7.7,18
480,Sheba,Vollam,Female,60,2.0,15
481,Maurine,Garrelts,Female,55,4.7,7
482,Collie,Eyckel,Bigender,29,5.7,15
483,Ray,Dmisek,Female,56,6.4,18
484,Wallis,Corrington,Female,34,5.6,30
485,Hendrik,Pavolini,Male,36,3.9,18
486,Bethina,Elcoux,Polygender,20,3.9,14
487,Conchita,Scherme,Female,51,4.7,15
488,Carolee,Glidder,Female,49,8.9,25
489,Richart,Kenrick,Male,28,9.6,22
490,Elvin,Leynagh,Male,49,7.8,5
491,Goldia,Glencrash,Female,53,6.0,11
492,Marigold,Alman,Female,40,8.9,5
493,Deerdre,Ruske,Female,58,7.0,28
494,Zaccaria,Dowgill,Male,45,2.1,3
495,Cazzie,McGorley,Male,22,8.5,9
496,Garrick,Collinge,Male,39,2.2,18
497,Carmon,Walrond,Female,44,2.7,14
498,Bessie,Gritsunov,Female,35,2.7,18
499,Jarret,Eales,Male,56,5.3,20
500,Meade,Balstone,Male,47,1.3,10
501,Marrilee,Handsheart,Female,36,8.8,7
502,Norri,Skones,Female,60,6.5,12
503,Aldwin,Furlonge,Male,20,1.1,4
504,Panchito,Gaule,Male,30,6.6,20
505,Catriona,Verheyden,Female,37,5.4,11
506,Frederick,Lambdean,Polygender,28,3.7,7
507,Curcio,Padginton,Polygender,37,9.1,3
508,Minni,Dawkes,Female,26,9.4,10
509,Nanine,Boorman,Female,37,4.9,28
510,Candis,Gaucher,Female,48,1.4,20
511,Priscella,Mattys,Female,24,4.3,12
512,Evangelina,McDonogh,Female,57,7.8,9
513,Marijn,Di Franceschi,Male,23,9.0,14
514,Crysta,Dimnage,Female,25,1.3,8
515,Betsey,Shadrach,Female,60,2.9,6
516,Philomena,Jukubczak,Female,43,2.1,27
517,Michale,Whistance,Male,48,2.2,11
518,Alistair,Dranfield,Male,23,3.3,23
519,Suzette,Caffery,Female,38,2.4,28
520,Denys,Tritten,Male,41,4.9,25
521,Serena,Clemmitt,Female,60,7.8,25
522,Isador,Biaggioli,Male,23,4.3,28
523,Bevin,Mazdon,Male,46,9.7,10
524,Wolfy,Dmitrovic,Male,47,5.0,5
525,Margarette,McHan,Agender,28,1.9,24
526,Emile,Norman,Male,45,3.8,27
527,Aylmer,Iwaszkiewicz,Male,27,6.9,10
528,Dicky,Sturge,Male,53,2.0,4
529,Lynnell,Worsnap,Female,41,5.6,12
530,Farra,Kempston,Female,51,2.8,25
531,Raynell,Buyers,Female,37,8.4,13
532,Aluin,Rays,Male,34,3.0,20
533,Daffie,Santry,Female,35,6.3,18
534,Marcy,Richin,Female,48,6.9,10
535,Othelia,Whitmore,Non-binary,31,6.2,10
536,Efrem,Gossipin,Male,24,1.4,5
537,Ginevra,Perico,Female,59,1.9,30
538,Blake,Codeman,Male,45,5.4,9
539,Jakie,Broxis,Male,53,2.7,4
540,Babs,Coppard,Bigender,38,2.8,2
541,Tannie,Braznell,Male,50,6.2,25
542,Dusty,Turneaux,Female,32,4.1,29
543,Philomena,Rany,Female,27,9.3,8
544,Fran,Kondratovich,Female,48,8.1,2
545,Eadith,Bristowe,Female,50,7.0,13
546,Gan,Kornes,Male,38,7.8,4
547,Alberta,MacAnulty,Female,43,6.8,28
548,Linet,Mozzini,Female,58,2.0,17
549,Corly,McLafferty,Female,24,9.0,13
550,Amabel,Shirt,Female,28,3.9,12
551,Caz,Cottel,Male,31,2.2,19
552,Deni,Kean,Non-binary,58,6.4,11
553,Kendall,Bagge,Male,31,5.2,12
554,Veriee,Trynor,Female,53,6.8,9
555,Kasper,Slevin,Male,33,6.0,2
556,Giorgio,Swinnerton,Male,33,6.9,16
557,Washington,Gwin,Male,30,1.9,24
558,Mitchell,Gullberg,Male,35,1.2,8
559,Kissiah,Wattinham,Female,50,9.8,29
560,Germain,Syrad,Male,54,1.8,21
561,Westleigh,Stirland,Male,46,4.4,5
562,Deny,Rayer,Female,26,8.7,18
563,Thedrick,Sebastian,Male,59,8.7,2
564,Stephan,Charity,Male,27,3.3,15
565,Barbara,Phelip,Female,53,3.5,21
566,Carolina,Trematick,Female,39,2.0,22
567,Cecilia,Eardley,Female,47,1.3,13
568,Damaris,Hachette,Female,26,6.7,29
569,Maybelle,Ridhole,Female,30,4.4,15
570,Cinda,Endrici,Female,48,7.0,9
571,Marmaduke,Nutley,Male,45,5.6,14
572,Fonz,Pennoni,Male,50,4.6,11
573,Carola,Baert,Female,59,3.2,19
574,Abbye,Skaid,Female,36,6.4,10
575,Rosella,Eamer,Female,27,7.0,27
576,Yvette,Flintoffe,Female,33,6.0,10
577,Connie,Meneux,Female,46,5.5,18
578,Aubry,Najara,Female,22,7.4,10
579,Prentiss,Christofol,Male,59,9.4,15
580,Hermann,Cudde,Male,35,5.3,23
581,Hinda,Niesing,Bigender,53,2.3,30
582,Royce,Delacote,Male,39,2.8,3
583,Sibella,Mazzilli,Agender,32,6.0,11
584,Adham,Heal,Male,60,5.4,5
585,Normy,Marusik,Male,34,2.5,19
586,Harlene,Goodings,Female,44,7.3,5
587,Ferdie,Baudacci,Male,53,6.0,3
588,Josey,Thayre,Female,57,8.2,16
589,Ronny,Unstead,Female,53,7.3,11
590,Mireille,Tinston,Female,20,5.3,20
591,Edward,O'Noulane,Male,23,1.1,28
592,Janot,Grimm,Female,52,2.2,19
593,Magdaia,Binne,Female,54,3.2,28
594,Emile,Churchman,Male,53,8.9,22
595,Larry,Wardrope,Male,50,7.6,5
596,Maxim,Vearncombe,Male,21,1.6,8
597,Julienne,Follos,Female,55,6.4,3
598,Alberta,Skippon,Female,59,9.5,3
599,Dennie,Mont,Male,26,1.9,30
600,Cindra,Rontsch,Female,37,8.8,13
601,Kalvin,Wiffill,Genderqueer,24,9.2,30
602,Bennett,Ionn,Male,21,9.4,13
603,Enrichetta,Wint,Female,25,8.9,20
604,Zane,Philbrook,Male,41,9.2,3
605,Albina,Eilhermann,Female,46,1.4,24
606,Zorana,Pinxton,Female,31,7.0,28
607,Dunstan,Guidini,Male,28,7.7,10
608,Norton,Pobjay,Male,43,6.8,26
609,Nikita,Flippen,Male,42,3.2,13
610,Linnet,Fodden,Female,37,7.3,11
611,Peyton,Wannes,Male,32,8.9,23
612,Ambros,MacLennan,Male,55,10.0,27
613,Greta,Sadry,Female,41,2.9,19
614,Ulrika,Morson,Female,46,1.7,18
615,Karel,McCreedy,Polygender,26,8.2,9
616,Harley,McQuillen,Female,45,5.3,16
617,Skye,Jeves,Male,32,5.9,5
618,Shepherd,Banisch,Male,27,7.1,27
619,Georgeta,Mallabon,Female,59,3.0,10
620,Zacharie,Gottelier,Male,48,9.3,16
621,Byram,Grolle,Male,38,3.4,21
622,Petronille,Gardiner,Female,43,9.8,14
623,Lamond,Rambaut,Male,60,6.4,15
624,Melonie,Bleakley,Female,37,3.3,13
625,Ody,Lanahan,Male,59,4.9,29
626,Leonie,Klassman,Bigender,52,2.5,4
627,Guenna,Paylor,Female,24,7.8,28
628,Norris,Hunstone,Male,39,7.7,15
629,Shaun,Norcliff,Male,37,3.9,19
630,Miner,Deakin,Genderqueer,36,9.6,15
631,Danny,Rydeard,Female,49,2.5,11
632,Yancey,Glossup,Male,49,5.9,3
633,Minny,Olechnowicz,Agender,41,5.4,21
634,Loleta,McCreadie,Female,50,8.9,17
635,Myrtie,Abbys,Female,42,7.3,16
636,Mohandis,Robbert,Bigender,39,2.7,23
637,Merrick,Ropkins,Male,56,5.3,10
638,Blisse,Esplin,Female,54,2.1,25
639,Valenka,Jacqueminet,Female,44,5.5,18
640,Norbie,Roget,Male,55,3.6,6
641,Ode,Kernoghan,Non-binary,39,2.7,4
642,Brewer,Mabbot,Male,36,8.1,6
643,Lev,Sellan,Male,20,3.1,16
644,Ronny,Barfford,Female,43,3.7,23
645,Edyth,Shiliton,Female,21,3.0,3
646,Beaufort,Marusic,Male,57,5.6,8
647,Tab,Robben,Male,50,9.9,6
648,Lionel,Halfacre,Male,35,6.9,25
649,Mellisa,Lissandre,Female,40,4.5,13
650,Durant,Pendrich,Male,24,8.1,23
651,Brnaba,Plowright,Male,20,7.8,21
652,Joly,Janouch,Female,51,4.7,5
653,Brenn,Prestland,Female,54,2.9,20
654,Doe,Tunno,Female,34,1.0,24
655,Donovan,Searles,Male,51,9.1,30
656,Phil,Beed,Female,54,3.0,5
657,Ade,Minette,Male,38,4.5,2
658,Ogdon,Sweynson,Male,36,6.5,18
659,Vivienne,Skellen,Female,24,7.8,17
660,Heinrick,Northwood,Bigender,20,2.0,24
661,Suzi,Wanless,Female,29,4.1,4
662,Corliss,Matt,Female,38,3.8,15
663,Hatty,Ephgrave,Female,20,8.1,14
664,Corbet,Dunnico,Male,29,5.6,28
665,Felic,Ullyott,Male,37,3.9,10
666,Gabriel,Ney,Male,55,3.3,19
667,Rodrigo,Alexis,Male,42,6.5,27
668,Pall,Bedding,Genderqueer,55,9.1,11
669,Thomasina,Sutliff,Female,58,9.8,16
670,Maurine,Fermor,Female,60,4.4,18
671,Sherm,Stuchbery,Male,49,9.6,6
672,Derward,Alcido,Male,33,4.7,18
673,Bruce,Oboy,Polygender,60,3.1,16
674,Hilario,Greeve,Male,59,6.0,26
675,Husein,Goodred,Male,26,1.4,30
676,Peggy,Rosberg,Female,34,7.3,13
677,Cori,Della Scala,Male,35,1.5,22
678,My,Jagiela,Male,35,7.1,2
679,Douglas,Hoble,Male,55,5.2,28
680,Gayleen,Crompton,Female,40,5.1,2
681,Auguste,Lauret,Female,43,1.4,4
682,Maurine,Tiptaft,Female,47,3.9,27
683,Blanca,Marden,Female,58,3.0,15
684,Jonie,Gibson,Bigender,33,6.2,16
685,Quinton,Axford,Male,50,8.7,11
686,Ailina,Fenich,Bigender,54,3.8,25
687,Mar,Scawn,Male,30,8.7,27
688,Nicolette,Coulthurst,Female,23,7.0,25
689,Hoebart,Willarton,Male,49,8.9,17
690,Cori,Rogerson,Male,30,6.2,7
691,Fernande,Ibotson,Female,38,6.5,22
692,Trudie,Gillani,Female,25,2.5,27
693,Camey,Sindell,Male,40,3.1,11
694,Howie,Hedderly,Male,54,4.7,3
695,Emmalynne,Oulner,Agender,41,9.2,29
696,Jany,Granger,Female,39,2.5,30
697,Doralia,Delf,Female,34,8.7,3
698,Lucho,Smylie,Male,49,4.1,18
699,Giusto,Vauls,Male,37,4.5,7
700,Millisent,Escreet,Female,56,1.5,12
701,Wally,Cordeau],Male,39,3.8,6
702,Jephthah,Loudwell,Male,29,3.6,26
703,Hailey,Habershon,Male,35,6.5,2
704,Evy,Rhoddie,Female,43,8.8,12
705,Perri,Hoyt,Female,60,7.8,26
706,Xena,Dirr,Female,25,9.5,10
707,Ailee,Helm,Female,52,5.9,18
708,Delbert,Stabler,Male,44,5.8,5
709,Shane,Downton,Female,38,9.4,2
710,Keefe,Gravenall,Agender,33,5.1,12
711,Angelina,Tattersfield,Female,29,9.8,11
712,Tait,Antalffy,Male,22,6.2,22
713,Shaughn,Clemanceau,Male,24,3.0,9
714,Carma,Pleace,Female,39,3.6,7
715,Bing,Patzelt,Male,21,1.3,21
716,Karina,Culpan,Polygender,20,5.2,4
717,Shayna,McNeachtain,Female,53,1.1,14
718,Freddi,Gomez,Female,42,9.8,10
719,Alexandros,Batcock,Male,40,5.5,26
720,Chalmers,Tigwell,Male,33,8.5,2
721,Karrie,Culvey,Female,44,5.8,22
722,Mercedes,Newall,Female,30,1.2,20
723,Katrina,Philbrick,Female,31,7.8,24
724,Fabe,Donne,Male,38,6.9,11
725,Garvin,Blinckhorne,Male,46,5.8,22
726,Jerrie,Retallack,Female,32,9.1,6
727,Holly,Stoate,Female,30,9.6,5
728,Angelle,Fraczkiewicz,Female,53,9.8,23
729,Hugues,Lawerence,Genderqueer,41,8.7,20
730,Hasty,Semple,Male,54,6.0,25
731,Heinrik,Baddoe,Male,57,5.9,20
732,Leroy,Mulrean,Male,49,9.0,3
733,Orv,Raimbauld,Male,59,4.7,8
734,Orson,Dudding,Male,56,1.2,19
735,Ortensia,Tubbles,Female,29,1.5,20
736,Billy,Abelwhite,Male,44,6.3,8
737,Aluino,Boffey,Genderqueer,24,1.5,2
738,Marla,Dencs,Female,22,9.1,16
739,Skelly,Fenge,Male,45,6.1,22
740,Ode,Eustis,Male,28,8.4,11
741,Sayre,Matherson,Male,21,8.3,5
742,Joanie,Trotter,Female,29,3.0,17
743,Honey,Panichelli,Female,49,8.1,5
744,Pablo,O' Shea,Male,52,5.9,24
745,Nanine,Knottley,Female,21,8.2,29
746,Margalit,Drexel,Agender,26,6.4,25
747,Marlena,Rittelmeyer,Female,31,7.0,20
748,Celeste,Sked,Female,48,6.1,14
749,Frants,Hacket,Male,22,7.2,24
750,Jaquith,Tott,Female,56,4.5,26
751,Clemmie,Strathearn,Genderqueer,49,4.7,9
752,Vivienne,Daugherty,Non-binary,58,1.3,23
753,Andras,Broadey,Male,30,5.4,23
754,Terencio,Weathers,Male,34,9.3,25
755,Sunny,Wehden,Male,35,8.3,7
756,Albina,Haggerstone,Female,53,8.3,28
757,Nanny,Piechnik,Female,46,1.5,10
758,Brear,Scarlin,Female,37,8.3,26
759,L;urette,Bohan,Female,33,7.0,12
760,Sheilah,Sellan,Female,51,4.7,14
761,Nevins,Frediani,Male,38,5.8,27
762,Adrian,Bernardo,Male,33,9.9,19
763,Georgianne,Kesteven,Female,60,5.2,15
764,Sheilah,Heading,Female,47,4.4,23
765,Gael,Sambles,Male,24,4.4,28
766,Johnathan,Sea,Male,28,9.5,11
767,Jeramie,Olsson,Male,26,2.2,18
768,Car,Talmadge,Male,35,1.5,17
769,Bond,Saenz,Male,28,1.3,16
770,Harlen,Qualtro,Male,36,5.9,26
771,Marie,Cramphorn,Female,30,7.4,11
772,Ryon,Danilyak,Male,58,2.6,6
773,Manfred,Deveril,Male,25,2.8,5
774,Mendie,Grewe,Male,22,8.0,24
775,Patsy,Cornborough,Male,45,2.0,21
776,Reynolds,Faro,Male,44,4.5,7
777,Cassi,Jellman,Female,36,8.2,21
778,Ring,Dunbabin,Polygender,48,4.4,19
779,Sandor,Spellicy,Male,29,7.4,5
780,Morgen,Ineson,Female,47,9.0,2
781,Floyd,Firks,Male,28,2.9,12
782,Kari,Menlove,Female,54,8.6,5
783,Stephanie,Lamble,Female,60,3.3,15
784,Tyrus,Ramme,Male,39,5.9,20
785,Nataline,Timmons,Agender,43,3.3,22
786,Cristy,Habbijam,Female,57,7.1,18
787,Tallie,Briereton,Male,45,6.8,12
788,Vonnie,Butt Gow,Female,44,2.3,8
789,Roobbie,Frost,Polygender,30,6.8,17
790,Demetri,MacPaike,Male,25,7.9,8
791,Karol,Lenihan,Female,60,6.2,11
792,Teddy,Chiese,Female,50,6.5,10
793,Randene,Squirrel,Female,32,2.2,19
794,Garek,Felce,Male,38,8.4,29
795,Ollie,Hoult,Male,60,8.8,12
796,Garner,Swaffield,Male,22,5.2,23
797,Izzy,Lofts,Male,30,4.5,13
798,Hazel,Spreadbury,Female,38,2.3,2
799,Brietta,Casserly,Female,33,3.8,23
800,Koralle,Desvignes,Female,29,7.8,18
801,Patricia,Mumm,Female,59,4.6,7
802,Omero,Danks,Male,56,5.7,18
803,Halsy,Shermar,Male,49,5.8,19
804,Berta,Blesli,Female,35,7.0,19
805,Ravid,Schenfisch,Bigender,57,4.6,9
806,Norina,Schuh,Female,21,3.0,30
807,Harmony,Raithbie,Female,44,8.0,7
808,Townsend,Pacheco,Male,52,8.7,7
809,Heinrick,Huckleby,Male,33,3.0,15
810,Adella,Feehely,Female,59,6.4,30
811,Milt,Branton,Male,36,2.1,27
812,Myca,Guilfoyle,Genderfluid,39,7.1,20
813,Tiphany,Jardin,Female,47,7.9,17
814,Jeri,Drysdale,Female,60,8.3,23
815,Jennilee,Spennock,Female,51,2.8,4
816,Winonah,Marklow,Female,39,2.2,15
817,Kearney,Travers,Male,38,6.0,16
818,Veradis,Leither,Female,56,6.5,23
819,Eduard,Ecob,Male,57,3.0,27
820,Egor,Fentem,Male,32,9.8,15
821,Nefen,Newe,Male,55,3.1,13
822,Binky,Gleasane,Polygender,53,1.8,25
823,Anitra,Nangle,Female,50,2.4,4
824,Orren,Walkowski,Male,23,8.8,28
825,Shawna,Leisk,Female,54,1.9,23
826,Sheelagh,Caldera,Non-binary,34,9.3,12
827,Pippy,Lujan,Female,60,7.0,12
828,Noby,Abramovitz,Male,37,7.5,5
829,Cosimo,Stollery,Male,48,9.4,9
830,Cyndie,Fonteyne,Female,31,4.1,19
831,Helli,Clopton,Female,20,7.0,22
832,Lilian,Peek,Female,60,8.6,29
833,Wini,Iozefovich,Genderqueer,45,2.4,29
834,Rey,Andrasch,Female,53,7.3,10
835,Griffie,Isac,Male,44,2.4,22
836,Paige,Grime,Female,33,8.2,2
837,Dru,Fretson,Male,59,5.4,19
838,Happy,Klosges,Female,46,9.7,12
839,Nathanael,Law,Male,35,6.3,3
840,Ardella,Colling,Female,28,3.1,7
841,Micheal,Byforth,Male,41,4.8,12
842,Worden,Kingerby,Male,48,7.9,12
843,Alexandros,Warlock,Polygender,37,3.8,2
844,Georgine,Paulitschke,Female,47,3.9,15
845,Katharina,Brandham,Female,60,4.7,29
846,Celene,Badland,Female,32,4.7,16
847,Kris,Collinwood,Female,48,5.3,7
848,Blakelee,Wallage,Agender,52,3.0,12
849,Devin,Pues,Female,53,8.7,22
850,Ruddie,Threadgould,Male,34,1.1,3
851,Alayne,Tilly,Female,57,9.2,27
852,Chanda,Lighten,Female,36,8.3,28
853,Alison,McIvor,Female,46,2.3,13
854,Marcelia,Zollner,Female,44,8.9,5
855,Alanah,Chaikovski,Female,58,8.3,26
856,Meggi,Oddey,Female,34,9.3,9
857,Ermin,Batting,Male,34,8.4,13
858,Byrle,Winpenny,Male,51,6.0,18
859,April,Kisby,Female,21,3.7,3
860,Roxane,Willoughby,Female,35,5.7,3
861,Jefferey,Delmonti,Genderqueer,57,2.4,24
862,Orran,Featherby,Male,60,5.2,17
863,Harley,Erwin,Male,60,8.6,21
864,Witty,Whyman,Male,38,2.0,26
865,Simona,Bunney,Female,45,4.1,24
866,Lon,Brownhall,Male,50,2.0,23
867,Wendy,Feasey,Female,30,5.5,22
868,Sayre,Corroyer,Male,45,2.1,12
869,Kelley,Spitell,Female,42,1.8,7
870,Dosi,Tiernan,Agender,24,4.2,27
871,Salome,Sutherley,Female,40,4.9,9
872,Robin,Guilliland,Bigender,42,8.2,21
873,Jereme,Boyall,Male,44,6.8,14
874,Rafael,Stubbes,Male,38,7.0,17
875,Riobard,Fitton,Male,49,1.7,16
876,Violetta,Tirrey,Female,30,6.7,18
877,Rebecca,MacCathay,Female,25,6.1,15
878,Christiane,Witch,Female,38,6.8,8
879,Jojo,Schultes,Female,27,9.8,19
880,Shaylynn,Baxster,Agender,55,6.3,9
881,Reginauld,Bullar,Male,35,3.6,20
882,Thatch,MacIver,Male,56,5.0,18
883,Deedee,Pentecust,Female,22,8.8,16
884,Courtnay,Willison,Female,37,5.0,20
885,Sibylla,Berrigan,Female,58,7.4,13
886,Ulises,Mattock,Male,43,3.3,24
887,Penelope,Mattedi,Female,23,6.2,23
888,Johann,Ubsdell,Male,29,5.0,17
889,Gerrie,Lecount,Male,42,2.6,22
890,Vin,de Glanville,Male,23,4.7,15
891,Jordan,Foulkes,Male,23,4.7,16
892,Davidde,Middlehurst,Polygender,55,5.9,27
893,Melvyn,Lotwich,Male,30,5.5,28
894,Rodolph,Kingswold,Male,21,7.7,25
895,Bailie,Kerswill,Male,46,6.1,27
896,Willow,Hudspeth,Female,30,6.5,9
897,Annora,Beilby,Female,59,3.3,4
898,Henrie,Valentine,Female,33,3.2,2
899,Ezechiel,Brugman,Male,38,8.5,6
900,Nelson,Matejic,Male,55,4.6,6
901,Isac,Mullard,Male,55,9.2,4
902,Davon,Drife,Male,39,5.7,4
903,Giffard,Rizzardo,Male,30,2.7,20
904,Hewe,Reaper,Male,24,7.6,20
905,Wallas,Wisden,Male,41,6.7,16
906,Beauregard,Piggen,Male,45,8.8,19
907,Maynard,Farndon,Male,34,4.1,28
908,Penelopa,Verheyden,Female,46,1.1,8
909,Munmro,Santon,Male,32,9.3,4
910,Heida,Goldfinch,Female,37,5.3,12
911,Danielle,Carmont,Female,43,6.1,29
912,Saree,Simmonds,Female,56,1.2,18
913,Artemis,Hunnawill,Male,55,2.9,9
914,Rogers,Lampke,Male,55,6.6,16
915,Constantine,Stebbings,Male,32,6.7,27
916,Teri,Beedham,Female,43,1.4,28
917,Eartha,Olliver,Female,45,6.4,20
918,Clea,Carney,Female,48,1.9,20
919,Kristofer,Hynson,Male,38,9.9,6
920,Tallulah,Slayny,Female,48,1.1,17
921,Opal,Pidon,Female,60,6.4,14
922,Colly,Plott,Female,36,3.3,12
923,Barn,Coakley,Male,23,6.9,25
924,Cullen,Canny,Male,27,3.1,24
925,Yancy,Kubis,Male,57,7.8,18
926,Tann,Feechan,Male,59,3.1,12
927,Merilee,Leyland,Female,26,2.1,16
928,Moises,Troy,Male,45,9.8,5
929,Marmaduke,Pancoast,Male,35,7.2,6
930,Humphrey,Guwer,Polygender,27,7.0,11
931,Ilyssa,Fidgin,Female,36,9.9,5
932,Cecilia,Checchetelli,Female,36,7.9,13
933,Dorrie,Shirtliff,Genderfluid,53,7.4,8
934,Dewitt,Ledward,Male,53,2.7,13
935,Feliks,Lytell,Male,56,3.4,19
936,Helaine,Hembling,Female,47,6.8,10
937,North,Liddon,Male,28,3.7,28
938,Eugenie,Brendel,Female,46,1.1,27
939,Nelly,Gueinn,Polygender,23,2.9,12
940,Kassey,Kmietsch,Female,45,1.3,13
941,Jard,Cestard,Male,30,8.2,15
942,Jermayne,Try,Male,29,2.5,24
943,Annalee,Tobin,Genderfluid,22,3.7,18
944,Nance,Rettie,Female,21,2.4,9
945,Keven,Maystone,Male,57,6.1,30
946,Beatriz,Thireau,Female,21,6.8,4
947,Gordie,Braz,Male,54,1.9,5
948,Von,Lethibridge,Male,49,2.6,27
949,Maximilian,Castillon,Male,20,4.1,28
950,Lisle,Tyce,Male,31,9.2,5
951,Archibold,Plumbridge,Male,21,3.8,22
952,Eugenia,McCarrell,Female,45,3.2,18
953,Cliff,Jeffress,Polygender,54,9.4,4
954,Madella,Vassall,Female,54,1.4,21
955,Philippine,Gegay,Female,58,4.0,22
956,Barron,Keough,Male,29,2.8,12
957,Gris,Slimmon,Male,52,3.8,15
958,Inga,Throughton,Female,21,9.3,14
959,Bryn,McCathay,Male,24,3.3,5
960,Bethena,Kuhne,Female,49,5.9,11
961,Esma,Tointon,Non-binary,21,5.5,4
962,Evonne,Roderigo,Female,53,4.9,22
963,Siegfried,Mouat,Male,47,2.3,18
964,Rhody,Fenne,Female,56,5.5,21
965,Boigie,Crouse,Male,37,8.3,18
966,Cecilla,Graalman,Female,49,4.3,6
967,Oralla,Bouzan,Female,45,8.2,23
968,Kain,Elstone,Male,46,3.0,9
969,Milli,Daughtry,Female,34,9.7,6
970,Cynthea,Feldman,Female,20,9.0,6
971,Harbert,Balsillie,Male,58,5.5,4
972,Anne,Pitkins,Female,23,7.1,3
973,Tish,Fulop,Agender,43,2.3,12
974,Vance,Di Claudio,Male,40,9.7,20
975,Farica,Trazzi,Female,43,6.6,6
976,Abbye,Mathelon,Female,25,2.1,20
977,Alberik,MacPaike,Male,60,9.6,14
978,Trstram,MacAulay,Male,44,8.4,5
979,Benny,Rollinson,Male,47,7.2,30
980,Cathyleen,Yglesia,Female,42,8.4,15
981,Aviva,Monnery,Female,42,7.7,29
982,Bertie,Stickland,Male,26,2.7,22
983,Jennifer,Connelly,Female,44,4.5,20
984,Felisha,Weetch,Female,52,3.2,14
985,Lorena,Veck,Female,34,2.8,15
986,Farrah,Sheldon,Female,41,4.8,27
987,Stephan,Chainey,Male,54,5.7,11
988,Shanie,Eymor,Female,33,8.9,26
989,Gabriel,Marchetti,Male,44,2.9,12
990,Bessy,Wudeland,Female,29,7.5,16
991,Antoni,Zanutti,Male,32,6.7,13
992,Stan,McLaine,Male,56,4.4,22
993,Thorvald,Gleasane,Male,38,2.9,14
994,Kelbee,Diehn,Male,27,9.0,20
995,Parrnell,Domenge,Male,37,6.8,3
996,Tad,Roper,Male,34,4.6,15
997,Lilias,Tosdevin,Female,50,1.6,20
998,Barde,Cottell,Male,47,6.7,27
999,Dania,Donnett,Female,50,4.2,13
1000,Merill,Bridges,Male,25,9.2,28
